source	web_link
nidānuddeso	https://sasanarakkha.github.io/study-tools/bhikkhu_patimokkha/nidānuddeso/nidānuddeso.html
pārājikuddeso	https://sasanarakkha.github.io/study-tools/bhikkhu_patimokkha/pārājikuddeso/pārājikuddeso.html
methunadhamma sikkhāpadaṃ	https://sasanarakkha.github.io/study-tools/bhikkhu_patimokkha/methunadhamma sikkhāpadaṃ/methunadhamma sikkhāpadaṃ.html
adinnādānasikkhāpadaṃ	https://sasanarakkha.github.io/study-tools/bhikkhu_patimokkha/adinnādānasikkhāpadaṃ/adinnādānasikkhāpadaṃ.html
manussaviggahasikkhāpadaṃ	https://sasanarakkha.github.io/study-tools/bhikkhu_patimokkha/manussaviggahasikkhāpadaṃ/manussaviggahasikkhāpadaṃ.html
uttarimanussadhammasikkhāpadaṃ	https://sasanarakkha.github.io/study-tools/bhikkhu_patimokkha/uttarimanussadhammasikkhāpadaṃ/uttarimanussadhammasikkhāpadaṃ.html
saṅghādisesuddeso	https://sasanarakkha.github.io/study-tools/bhikkhu_patimokkha/saṅghādisesuddeso/saṅghādisesuddeso.html
sukkavissaṭṭhisikkhāpadaṃ	https://sasanarakkha.github.io/study-tools/bhikkhu_patimokkha/sukkavissaṭṭhisikkhāpadaṃ/sukkavissaṭṭhisikkhāpadaṃ.html
kāyasaṃsaggasikkhāpadaṃ	https://sasanarakkha.github.io/study-tools/bhikkhu_patimokkha/kāyasaṃsaggasikkhāpadaṃ/kāyasaṃsaggasikkhāpadaṃ.html
duṭṭhullavācāsikkhāpadaṃ	https://sasanarakkha.github.io/study-tools/bhikkhu_patimokkha/duṭṭhullavācāsikkhāpadaṃ/duṭṭhullavācāsikkhāpadaṃ.html
attakāmapāricariyasikkhāpadaṃ	https://sasanarakkha.github.io/study-tools/bhikkhu_patimokkha/attakāmapāricariyasikkhāpadaṃ/attakāmapāricariyasikkhāpadaṃ.html
sañcarittasikkhāpadaṃ	https://sasanarakkha.github.io/study-tools/bhikkhu_patimokkha/sañcarittasikkhāpadaṃ/sañcarittasikkhāpadaṃ.html
kuṭikārasikkhāpadaṃ	https://sasanarakkha.github.io/study-tools/bhikkhu_patimokkha/kuṭikārasikkhāpadaṃ/kuṭikārasikkhāpadaṃ.html
vihārakārasikkhāpadaṃ	https://sasanarakkha.github.io/study-tools/bhikkhu_patimokkha/vihārakārasikkhāpadaṃ/vihārakārasikkhāpadaṃ.html
duṭṭhadosasikkhāpadaṃ	https://sasanarakkha.github.io/study-tools/bhikkhu_patimokkha/duṭṭhadosasikkhāpadaṃ/duṭṭhadosasikkhāpadaṃ.html
aññabhāgiyasikkhāpadaṃ	https://sasanarakkha.github.io/study-tools/bhikkhu_patimokkha/aññabhāgiyasikkhāpadaṃ/aññabhāgiyasikkhāpadaṃ.html
saṅghabhedasikkhāpadaṃ	https://sasanarakkha.github.io/study-tools/bhikkhu_patimokkha/saṅghabhedasikkhāpadaṃ/saṅghabhedasikkhāpadaṃ.html
bhedānuvattakasikkhāpadaṃ	https://sasanarakkha.github.io/study-tools/bhikkhu_patimokkha/bhedānuvattakasikkhāpadaṃ/bhedānuvattakasikkhāpadaṃ.html
dubbacasikkhāpadaṃ	https://sasanarakkha.github.io/study-tools/bhikkhu_patimokkha/dubbacasikkhāpadaṃ/dubbacasikkhāpadaṃ.html
kuladūsakasikkhāpadaṃ	https://sasanarakkha.github.io/study-tools/bhikkhu_patimokkha/kuladūsakasikkhāpadaṃ/kuladūsakasikkhāpadaṃ.html
saṅghādisesuddeso	https://sasanarakkha.github.io/study-tools/bhikkhu_patimokkha/saṅghādisesuddeso/saṅghādisesuddeso.html
aniyatuddeso	https://sasanarakkha.github.io/study-tools/bhikkhu_patimokkha/aniyatuddeso/aniyatuddeso.html
paṭhamaaniyatasikkhāpadaṃ	https://sasanarakkha.github.io/study-tools/bhikkhu_patimokkha/paṭhamaaniyatasikkhāpadaṃ/paṭhamaaniyatasikkhāpadaṃ.html
dutiyāniyatasikkhāpada	https://sasanarakkha.github.io/study-tools/bhikkhu_patimokkha/dutiyāniyatasikkhāpada/dutiyāniyatasikkhāpada.html
nissaggiyapācittiyā	https://sasanarakkha.github.io/study-tools/bhikkhu_patimokkha/nissaggiyapācittiyā/nissaggiyapācittiyā.html
kathinasikkhāpadaṃ	https://sasanarakkha.github.io/study-tools/bhikkhu_patimokkha/kathinasikkhāpadaṃ/kathinasikkhāpadaṃ.html
udositasikkhāpadaṃ	https://sasanarakkha.github.io/study-tools/bhikkhu_patimokkha/udositasikkhāpadaṃ/udositasikkhāpadaṃ.html
akālacīvarasikkhāpadaṃ	https://sasanarakkha.github.io/study-tools/bhikkhu_patimokkha/akālacīvarasikkhāpadaṃ/akālacīvarasikkhāpadaṃ.html
purāṇacīvarasikkhāpadaṃ	https://sasanarakkha.github.io/study-tools/bhikkhu_patimokkha/purāṇacīvarasikkhāpadaṃ/purāṇacīvarasikkhāpadaṃ.html
cīvarapaṭiggahaṇasikkhāpadaṃ	https://sasanarakkha.github.io/study-tools/bhikkhu_patimokkha/cīvarapaṭiggahaṇasikkhāpadaṃ/cīvarapaṭiggahaṇasikkhāpadaṃ.html
aññātakaviññattisikkhāpadaṃ	https://sasanarakkha.github.io/study-tools/bhikkhu_patimokkha/aññātakaviññattisikkhāpadaṃ/aññātakaviññattisikkhāpadaṃ.html
tatuttarisikkhāpadaṃ	https://sasanarakkha.github.io/study-tools/bhikkhu_patimokkha/tatuttarisikkhāpadaṃ/tatuttarisikkhāpadaṃ.html
paṭhamaupakkhaṭasikkhāpadaṃ	https://sasanarakkha.github.io/study-tools/bhikkhu_patimokkha/paṭhamaupakkhaṭasikkhāpadaṃ/paṭhamaupakkhaṭasikkhāpadaṃ.html
dutiyaupakkhaṭasikkhāpadaṃ	https://sasanarakkha.github.io/study-tools/bhikkhu_patimokkha/dutiyaupakkhaṭasikkhāpadaṃ/dutiyaupakkhaṭasikkhāpadaṃ.html
rājasikkhāpadaṃ	https://sasanarakkha.github.io/study-tools/bhikkhu_patimokkha/rājasikkhāpadaṃ/rājasikkhāpadaṃ.html
kosiyasikkhāpadaṃ	https://sasanarakkha.github.io/study-tools/bhikkhu_patimokkha/kosiyasikkhāpadaṃ/kosiyasikkhāpadaṃ.html
suddhakāḷakasikkhāpadaṃ	https://sasanarakkha.github.io/study-tools/bhikkhu_patimokkha/suddhakāḷakasikkhāpadaṃ/suddhakāḷakasikkhāpadaṃ.html
dvebhāgasikkhāpadaṃ	https://sasanarakkha.github.io/study-tools/bhikkhu_patimokkha/dvebhāgasikkhāpadaṃ/dvebhāgasikkhāpadaṃ.html
chabbassasikkhāpadaṃ	https://sasanarakkha.github.io/study-tools/bhikkhu_patimokkha/chabbassasikkhāpadaṃ/chabbassasikkhāpadaṃ.html
nisīdanasanthatasikkhāpadaṃ	https://sasanarakkha.github.io/study-tools/bhikkhu_patimokkha/nisīdanasanthatasikkhāpadaṃ/nisīdanasanthatasikkhāpadaṃ.html
eḷakalomasikkhāpadaṃ	https://sasanarakkha.github.io/study-tools/bhikkhu_patimokkha/eḷakalomasikkhāpadaṃ/eḷakalomasikkhāpadaṃ.html
eḷakalomadhovāpanasikkhāpadaṃ	https://sasanarakkha.github.io/study-tools/bhikkhu_patimokkha/eḷakalomadhovāpanasikkhāpadaṃ/eḷakalomadhovāpanasikkhāpadaṃ.html
rūpiyasikkhāpadaṃ	https://sasanarakkha.github.io/study-tools/bhikkhu_patimokkha/rūpiyasikkhāpadaṃ/rūpiyasikkhāpadaṃ.html
rūpiyasaṃvohārasikkhāpadaṃ	https://sasanarakkha.github.io/study-tools/bhikkhu_patimokkha/rūpiyasaṃvohārasikkhāpadaṃ/rūpiyasaṃvohārasikkhāpadaṃ.html
kayavikkayasikkhāpadaṃ	https://sasanarakkha.github.io/study-tools/bhikkhu_patimokkha/kayavikkayasikkhāpadaṃ/kayavikkayasikkhāpadaṃ.html
pattasikkhāpadaṃ	https://sasanarakkha.github.io/study-tools/bhikkhu_patimokkha/pattasikkhāpadaṃ/pattasikkhāpadaṃ.html
ūnapañcabandhanasikkhāpadaṃ	https://sasanarakkha.github.io/study-tools/bhikkhu_patimokkha/ūnapañcabandhanasikkhāpadaṃ/ūnapañcabandhanasikkhāpadaṃ.html
bhesajjasikkhāpadaṃ	https://sasanarakkha.github.io/study-tools/bhikkhu_patimokkha/bhesajjasikkhāpadaṃ/bhesajjasikkhāpadaṃ.html
vassikasāṭikasikkhāpadaṃ	https://sasanarakkha.github.io/study-tools/bhikkhu_patimokkha/vassikasāṭikasikkhāpadaṃ/vassikasāṭikasikkhāpadaṃ.html
cīvaraacchindanasikkhāpadaṃ	https://sasanarakkha.github.io/study-tools/bhikkhu_patimokkha/cīvaraacchindanasikkhāpadaṃ/cīvaraacchindanasikkhāpadaṃ.html
suttaviññattisikkhāpadaṃ	https://sasanarakkha.github.io/study-tools/bhikkhu_patimokkha/suttaviññattisikkhāpadaṃ/suttaviññattisikkhāpadaṃ.html
mahāpesakārasikkhāpadaṃ	https://sasanarakkha.github.io/study-tools/bhikkhu_patimokkha/mahāpesakārasikkhāpadaṃ/mahāpesakārasikkhāpadaṃ.html
accekacīvarasikkhāpadaṃ	https://sasanarakkha.github.io/study-tools/bhikkhu_patimokkha/accekacīvarasikkhāpadaṃ/accekacīvarasikkhāpadaṃ.html
sāsaṅkasikkhāpadaṃ	https://sasanarakkha.github.io/study-tools/bhikkhu_patimokkha/sāsaṅkasikkhāpadaṃ/sāsaṅkasikkhāpadaṃ.html
pariṇatasikkhāpadaṃ	https://sasanarakkha.github.io/study-tools/bhikkhu_patimokkha/pariṇatasikkhāpadaṃ/pariṇatasikkhāpadaṃ.html
pācittiyā	https://sasanarakkha.github.io/study-tools/bhikkhu_patimokkha/pācittiyā/pācittiyā.html
musāvādasikkhāpadaṃ	https://sasanarakkha.github.io/study-tools/bhikkhu_patimokkha/musāvādasikkhāpadaṃ/musāvādasikkhāpadaṃ.html
omasavādasikkhāpadaṃ	https://sasanarakkha.github.io/study-tools/bhikkhu_patimokkha/omasavādasikkhāpadaṃ/omasavādasikkhāpadaṃ.html
pesuññasikkhāpadaṃ	https://sasanarakkha.github.io/study-tools/bhikkhu_patimokkha/pesuññasikkhāpadaṃ/pesuññasikkhāpadaṃ.html
padasodhammasikkhāpadaṃ	https://sasanarakkha.github.io/study-tools/bhikkhu_patimokkha/padasodhammasikkhāpadaṃ/padasodhammasikkhāpadaṃ.html
paṭhamasahaseyyasikkhāpadaṃ	https://sasanarakkha.github.io/study-tools/bhikkhu_patimokkha/paṭhamasahaseyyasikkhāpadaṃ/paṭhamasahaseyyasikkhāpadaṃ.html
dutiyasahaseyyasikkhāpada	https://sasanarakkha.github.io/study-tools/bhikkhu_patimokkha/dutiyasahaseyyasikkhāpada/dutiyasahaseyyasikkhāpada.html
dhammadesanāsikkhāpadaṃ	https://sasanarakkha.github.io/study-tools/bhikkhu_patimokkha/dhammadesanāsikkhāpadaṃ/dhammadesanāsikkhāpadaṃ.html
bhūtārocanasikkhāpadaṃ	https://sasanarakkha.github.io/study-tools/bhikkhu_patimokkha/bhūtārocanasikkhāpadaṃ/bhūtārocanasikkhāpadaṃ.html
duṭṭhullārocanasikkhāpadaṃ	https://sasanarakkha.github.io/study-tools/bhikkhu_patimokkha/duṭṭhullārocanasikkhāpadaṃ/duṭṭhullārocanasikkhāpadaṃ.html
pathavīkhaṇanasikkhāpadaṃ	https://sasanarakkha.github.io/study-tools/bhikkhu_patimokkha/pathavīkhaṇanasikkhāpadaṃ/pathavīkhaṇanasikkhāpadaṃ.html
bhūtagāmasikkhāpadaṃ	https://sasanarakkha.github.io/study-tools/bhikkhu_patimokkha/bhūtagāmasikkhāpadaṃ/bhūtagāmasikkhāpadaṃ.html
aññavādakasikkhāpadaṃ	https://sasanarakkha.github.io/study-tools/bhikkhu_patimokkha/aññavādakasikkhāpadaṃ/aññavādakasikkhāpadaṃ.html
ujjhāpanakasikkhāpadaṃ	https://sasanarakkha.github.io/study-tools/bhikkhu_patimokkha/ujjhāpanakasikkhāpadaṃ/ujjhāpanakasikkhāpadaṃ.html
paṭhamasenāsanasikkhāpadaṃ	https://sasanarakkha.github.io/study-tools/bhikkhu_patimokkha/paṭhamasenāsanasikkhāpadaṃ/paṭhamasenāsanasikkhāpadaṃ.html
"dutiyasenāsanasikkhāpadaṃ
"	"https://sasanarakkha.github.io/study-tools/bhikkhu_patimokkha/dutiyasenāsanasikkhāpadaṃ
/dutiyasenāsanasikkhāpadaṃ
.html"
anupakhajjasikkhāpadaṃ	https://sasanarakkha.github.io/study-tools/bhikkhu_patimokkha/anupakhajjasikkhāpadaṃ/anupakhajjasikkhāpadaṃ.html
nikkaḍḍhanasikkhāpadaṃ	https://sasanarakkha.github.io/study-tools/bhikkhu_patimokkha/nikkaḍḍhanasikkhāpadaṃ/nikkaḍḍhanasikkhāpadaṃ.html
vehāsakuṭisikkhāpadaṃ	https://sasanarakkha.github.io/study-tools/bhikkhu_patimokkha/vehāsakuṭisikkhāpadaṃ/vehāsakuṭisikkhāpadaṃ.html
mahallakavihārasikkhāpadaṃ	https://sasanarakkha.github.io/study-tools/bhikkhu_patimokkha/mahallakavihārasikkhāpadaṃ/mahallakavihārasikkhāpadaṃ.html
sappāṇakasikkhāpadaṃ	https://sasanarakkha.github.io/study-tools/bhikkhu_patimokkha/sappāṇakasikkhāpadaṃ/sappāṇakasikkhāpadaṃ.html
ovādasikkhāpadaṃ	https://sasanarakkha.github.io/study-tools/bhikkhu_patimokkha/ovādasikkhāpadaṃ/ovādasikkhāpadaṃ.html
atthaṅgatasikkhāpadaṃ	https://sasanarakkha.github.io/study-tools/bhikkhu_patimokkha/atthaṅgatasikkhāpadaṃ/atthaṅgatasikkhāpadaṃ.html
bhikkhunupassayasikkhāpadaṃ	https://sasanarakkha.github.io/study-tools/bhikkhu_patimokkha/bhikkhunupassayasikkhāpadaṃ/bhikkhunupassayasikkhāpadaṃ.html
āmisasikkhāpadaṃ	https://sasanarakkha.github.io/study-tools/bhikkhu_patimokkha/āmisasikkhāpadaṃ/āmisasikkhāpadaṃ.html
cīvaradānasikkhāpadaṃ	https://sasanarakkha.github.io/study-tools/bhikkhu_patimokkha/cīvaradānasikkhāpadaṃ/cīvaradānasikkhāpadaṃ.html
cīvarasibbanasikkhāpadaṃ	https://sasanarakkha.github.io/study-tools/bhikkhu_patimokkha/cīvarasibbanasikkhāpadaṃ/cīvarasibbanasikkhāpadaṃ.html
saṃvidhānasikkhāpadaṃ	https://sasanarakkha.github.io/study-tools/bhikkhu_patimokkha/saṃvidhānasikkhāpadaṃ/saṃvidhānasikkhāpadaṃ.html
nāvābhiruhanasikkhāpadaṃ	https://sasanarakkha.github.io/study-tools/bhikkhu_patimokkha/nāvābhiruhanasikkhāpadaṃ/nāvābhiruhanasikkhāpadaṃ.html
paripācitasikkhāpadaṃ	https://sasanarakkha.github.io/study-tools/bhikkhu_patimokkha/paripācitasikkhāpadaṃ/paripācitasikkhāpadaṃ.html
rahonisajjasikkhāpadaṃ	https://sasanarakkha.github.io/study-tools/bhikkhu_patimokkha/rahonisajjasikkhāpadaṃ/rahonisajjasikkhāpadaṃ.html
āvasathapiṇḍasikkhāpadaṃ	https://sasanarakkha.github.io/study-tools/bhikkhu_patimokkha/āvasathapiṇḍasikkhāpadaṃ/āvasathapiṇḍasikkhāpadaṃ.html
gaṇabhojanasikkhāpadaṃ	https://sasanarakkha.github.io/study-tools/bhikkhu_patimokkha/gaṇabhojanasikkhāpadaṃ/gaṇabhojanasikkhāpadaṃ.html
paramparabhojanasikkhāpadaṃ	https://sasanarakkha.github.io/study-tools/bhikkhu_patimokkha/paramparabhojanasikkhāpadaṃ/paramparabhojanasikkhāpadaṃ.html
kāṇamātusikkhāpadaṃ	https://sasanarakkha.github.io/study-tools/bhikkhu_patimokkha/kāṇamātusikkhāpadaṃ/kāṇamātusikkhāpadaṃ.html
paṭhamapavāraṇāsikkhāpadaṃ	https://sasanarakkha.github.io/study-tools/bhikkhu_patimokkha/paṭhamapavāraṇāsikkhāpadaṃ/paṭhamapavāraṇāsikkhāpadaṃ.html
dutiyapavāraṇāsikkhāpadaṃ	https://sasanarakkha.github.io/study-tools/bhikkhu_patimokkha/dutiyapavāraṇāsikkhāpadaṃ/dutiyapavāraṇāsikkhāpadaṃ.html
vikālabhojanasikkhāpadaṃ	https://sasanarakkha.github.io/study-tools/bhikkhu_patimokkha/vikālabhojanasikkhāpadaṃ/vikālabhojanasikkhāpadaṃ.html
sannidhikārakasikkhāpadaṃ	https://sasanarakkha.github.io/study-tools/bhikkhu_patimokkha/sannidhikārakasikkhāpadaṃ/sannidhikārakasikkhāpadaṃ.html
paṇītabhojanasikkhāpadaṃ	https://sasanarakkha.github.io/study-tools/bhikkhu_patimokkha/paṇītabhojanasikkhāpadaṃ/paṇītabhojanasikkhāpadaṃ.html
dantaponasikkhāpadaṃ	https://sasanarakkha.github.io/study-tools/bhikkhu_patimokkha/dantaponasikkhāpadaṃ/dantaponasikkhāpadaṃ.html
acelakasikkhāpadaṃ	https://sasanarakkha.github.io/study-tools/bhikkhu_patimokkha/acelakasikkhāpadaṃ/acelakasikkhāpadaṃ.html
uyyojanasikkhāpadaṃ	https://sasanarakkha.github.io/study-tools/bhikkhu_patimokkha/uyyojanasikkhāpadaṃ/uyyojanasikkhāpadaṃ.html
sabhojanasikkhāpadaṃ	https://sasanarakkha.github.io/study-tools/bhikkhu_patimokkha/sabhojanasikkhāpadaṃ/sabhojanasikkhāpadaṃ.html
rahopaṭicchannasikkhāpadaṃ	https://sasanarakkha.github.io/study-tools/bhikkhu_patimokkha/rahopaṭicchannasikkhāpadaṃ/rahopaṭicchannasikkhāpadaṃ.html
rahonisajjasikkhāpadaṃ 2	https://sasanarakkha.github.io/study-tools/bhikkhu_patimokkha/rahonisajjasikkhāpadaṃ 2/rahonisajjasikkhāpadaṃ 2.html
cārittasikkhāpadaṃ	https://sasanarakkha.github.io/study-tools/bhikkhu_patimokkha/cārittasikkhāpadaṃ/cārittasikkhāpadaṃ.html
mahānāmasikkhāpadaṃ	https://sasanarakkha.github.io/study-tools/bhikkhu_patimokkha/mahānāmasikkhāpadaṃ/mahānāmasikkhāpadaṃ.html
uyyuttasenāsikkhāpadaṃ	https://sasanarakkha.github.io/study-tools/bhikkhu_patimokkha/uyyuttasenāsikkhāpadaṃ/uyyuttasenāsikkhāpadaṃ.html
senāvāsasikkhāpadaṃ	https://sasanarakkha.github.io/study-tools/bhikkhu_patimokkha/senāvāsasikkhāpadaṃ/senāvāsasikkhāpadaṃ.html
uyyodhikasikkhāpadaṃ	https://sasanarakkha.github.io/study-tools/bhikkhu_patimokkha/uyyodhikasikkhāpadaṃ/uyyodhikasikkhāpadaṃ.html
surāpānasikkhāpadaṃ	https://sasanarakkha.github.io/study-tools/bhikkhu_patimokkha/surāpānasikkhāpadaṃ/surāpānasikkhāpadaṃ.html
aṅgulipatodakasikkhāpadaṃ	https://sasanarakkha.github.io/study-tools/bhikkhu_patimokkha/aṅgulipatodakasikkhāpadaṃ/aṅgulipatodakasikkhāpadaṃ.html
hasadhammasikkhāpadaṃ	https://sasanarakkha.github.io/study-tools/bhikkhu_patimokkha/hasadhammasikkhāpadaṃ/hasadhammasikkhāpadaṃ.html
anādariyasikkhāpadaṃ	https://sasanarakkha.github.io/study-tools/bhikkhu_patimokkha/anādariyasikkhāpadaṃ/anādariyasikkhāpadaṃ.html
bhiṃsāpanasikkhāpadaṃ	https://sasanarakkha.github.io/study-tools/bhikkhu_patimokkha/bhiṃsāpanasikkhāpadaṃ/bhiṃsāpanasikkhāpadaṃ.html
jotisikkhāpadaṃ	https://sasanarakkha.github.io/study-tools/bhikkhu_patimokkha/jotisikkhāpadaṃ/jotisikkhāpadaṃ.html
nahānasikkhāpadaṃ	https://sasanarakkha.github.io/study-tools/bhikkhu_patimokkha/nahānasikkhāpadaṃ/nahānasikkhāpadaṃ.html
dubbaṇṇakaraṇasikkhāpadaṃ	https://sasanarakkha.github.io/study-tools/bhikkhu_patimokkha/dubbaṇṇakaraṇasikkhāpadaṃ/dubbaṇṇakaraṇasikkhāpadaṃ.html
vikappanasikkhāpadaṃ	https://sasanarakkha.github.io/study-tools/bhikkhu_patimokkha/vikappanasikkhāpadaṃ/vikappanasikkhāpadaṃ.html
apanidhānasikkhāpadaṃ	https://sasanarakkha.github.io/study-tools/bhikkhu_patimokkha/apanidhānasikkhāpadaṃ/apanidhānasikkhāpadaṃ.html
sañciccasikkhāpadaṃ	https://sasanarakkha.github.io/study-tools/bhikkhu_patimokkha/sañciccasikkhāpadaṃ/sañciccasikkhāpadaṃ.html
sappāṇakasikkhāpadaṃ 2	https://sasanarakkha.github.io/study-tools/bhikkhu_patimokkha/sappāṇakasikkhāpadaṃ 2/sappāṇakasikkhāpadaṃ 2.html
ukkoṭanasikkhāpadaṃ	https://sasanarakkha.github.io/study-tools/bhikkhu_patimokkha/ukkoṭanasikkhāpadaṃ/ukkoṭanasikkhāpadaṃ.html
duṭṭhullasikkhāpadaṃ	https://sasanarakkha.github.io/study-tools/bhikkhu_patimokkha/duṭṭhullasikkhāpadaṃ/duṭṭhullasikkhāpadaṃ.html
ūnavīsativassasikkhāpadaṃ	https://sasanarakkha.github.io/study-tools/bhikkhu_patimokkha/ūnavīsativassasikkhāpadaṃ/ūnavīsativassasikkhāpadaṃ.html
theyyasatthasikkhāpadaṃ	https://sasanarakkha.github.io/study-tools/bhikkhu_patimokkha/theyyasatthasikkhāpadaṃ/theyyasatthasikkhāpadaṃ.html
saṃvidhānasikkhāpadaṃ 2	https://sasanarakkha.github.io/study-tools/bhikkhu_patimokkha/saṃvidhānasikkhāpadaṃ 2/saṃvidhānasikkhāpadaṃ 2.html
ariṭṭhasikkhāpadaṃ	https://sasanarakkha.github.io/study-tools/bhikkhu_patimokkha/ariṭṭhasikkhāpadaṃ/ariṭṭhasikkhāpadaṃ.html
ukkhittasambhogasikkhāpadaṃ	https://sasanarakkha.github.io/study-tools/bhikkhu_patimokkha/ukkhittasambhogasikkhāpadaṃ/ukkhittasambhogasikkhāpadaṃ.html
kaṇṭakasikkhāpadaṃ	https://sasanarakkha.github.io/study-tools/bhikkhu_patimokkha/kaṇṭakasikkhāpadaṃ/kaṇṭakasikkhāpadaṃ.html
sahadhammikasikkhāpadaṃ	https://sasanarakkha.github.io/study-tools/bhikkhu_patimokkha/sahadhammikasikkhāpadaṃ/sahadhammikasikkhāpadaṃ.html
vilekhanasikkhāpadaṃ	https://sasanarakkha.github.io/study-tools/bhikkhu_patimokkha/vilekhanasikkhāpadaṃ/vilekhanasikkhāpadaṃ.html
mohanasikkhāpadaṃ	https://sasanarakkha.github.io/study-tools/bhikkhu_patimokkha/mohanasikkhāpadaṃ/mohanasikkhāpadaṃ.html
pahārasikkhāpadaṃ	https://sasanarakkha.github.io/study-tools/bhikkhu_patimokkha/pahārasikkhāpadaṃ/pahārasikkhāpadaṃ.html
talasattikasikkhāpadaṃ	https://sasanarakkha.github.io/study-tools/bhikkhu_patimokkha/talasattikasikkhāpadaṃ/talasattikasikkhāpadaṃ.html
amūlakasikkhāpadaṃ	https://sasanarakkha.github.io/study-tools/bhikkhu_patimokkha/amūlakasikkhāpadaṃ/amūlakasikkhāpadaṃ.html
sañciccasikkhāpadaṃ 2	https://sasanarakkha.github.io/study-tools/bhikkhu_patimokkha/sañciccasikkhāpadaṃ 2/sañciccasikkhāpadaṃ 2.html
upassutisikkhāpadaṃ	https://sasanarakkha.github.io/study-tools/bhikkhu_patimokkha/upassutisikkhāpadaṃ/upassutisikkhāpadaṃ.html
kammappaṭibāhanasikkhāpadaṃ	https://sasanarakkha.github.io/study-tools/bhikkhu_patimokkha/kammappaṭibāhanasikkhāpadaṃ/kammappaṭibāhanasikkhāpadaṃ.html
chandaṃadatvāgamanasikkhāpadaṃ	https://sasanarakkha.github.io/study-tools/bhikkhu_patimokkha/chandaṃadatvāgamanasikkhāpadaṃ/chandaṃadatvāgamanasikkhāpadaṃ.html
dubbalasikkhāpadaṃ	https://sasanarakkha.github.io/study-tools/bhikkhu_patimokkha/dubbalasikkhāpadaṃ/dubbalasikkhāpadaṃ.html
pariṇāmanasikkhāpadaṃ	https://sasanarakkha.github.io/study-tools/bhikkhu_patimokkha/pariṇāmanasikkhāpadaṃ/pariṇāmanasikkhāpadaṃ.html
antepurasikkhāpadaṃ	https://sasanarakkha.github.io/study-tools/bhikkhu_patimokkha/antepurasikkhāpadaṃ/antepurasikkhāpadaṃ.html
ratanasikkhāpadaṃ	https://sasanarakkha.github.io/study-tools/bhikkhu_patimokkha/ratanasikkhāpadaṃ/ratanasikkhāpadaṃ.html
vikālagāmappavesanasikkhāpadaṃ	https://sasanarakkha.github.io/study-tools/bhikkhu_patimokkha/vikālagāmappavesanasikkhāpadaṃ/vikālagāmappavesanasikkhāpadaṃ.html
sūcigharasikkhāpadaṃ	https://sasanarakkha.github.io/study-tools/bhikkhu_patimokkha/sūcigharasikkhāpadaṃ/sūcigharasikkhāpadaṃ.html
mañcapīṭhasikkhāpadaṃ	https://sasanarakkha.github.io/study-tools/bhikkhu_patimokkha/mañcapīṭhasikkhāpadaṃ/mañcapīṭhasikkhāpadaṃ.html
tūlonaddhasikkhāpadaṃ	https://sasanarakkha.github.io/study-tools/bhikkhu_patimokkha/tūlonaddhasikkhāpadaṃ/tūlonaddhasikkhāpadaṃ.html
nisīdanasikkhāpadaṃ	https://sasanarakkha.github.io/study-tools/bhikkhu_patimokkha/nisīdanasikkhāpadaṃ/nisīdanasikkhāpadaṃ.html
kaṇḍuppaṭicchādisikkhāpadaṃ	https://sasanarakkha.github.io/study-tools/bhikkhu_patimokkha/kaṇḍuppaṭicchādisikkhāpadaṃ/kaṇḍuppaṭicchādisikkhāpadaṃ.html
vassikasāṭikāsikkhāpadaṃ	https://sasanarakkha.github.io/study-tools/bhikkhu_patimokkha/vassikasāṭikāsikkhāpadaṃ/vassikasāṭikāsikkhāpadaṃ.html
nandasikkhāpadaṃ	https://sasanarakkha.github.io/study-tools/bhikkhu_patimokkha/nandasikkhāpadaṃ/nandasikkhāpadaṃ.html
pācittiyā	https://sasanarakkha.github.io/study-tools/bhikkhu_patimokkha/pācittiyā/pācittiyā.html
pāṭidesanīyā	https://sasanarakkha.github.io/study-tools/bhikkhu_patimokkha/pāṭidesanīyā/pāṭidesanīyā.html
paṭhamapāṭidesanīyasikkhāpadaṃ	https://sasanarakkha.github.io/study-tools/bhikkhu_patimokkha/paṭhamapāṭidesanīyasikkhāpadaṃ/paṭhamapāṭidesanīyasikkhāpadaṃ.html
dutiyapāṭidesanīyasikkhāpadaṃ	https://sasanarakkha.github.io/study-tools/bhikkhu_patimokkha/dutiyapāṭidesanīyasikkhāpadaṃ/dutiyapāṭidesanīyasikkhāpadaṃ.html
tatiyapāṭidesanīyasikkhāpadaṃ	https://sasanarakkha.github.io/study-tools/bhikkhu_patimokkha/tatiyapāṭidesanīyasikkhāpadaṃ/tatiyapāṭidesanīyasikkhāpadaṃ.html
catutthapāṭidesanīyasikkhāpadaṃ	https://sasanarakkha.github.io/study-tools/bhikkhu_patimokkha/catutthapāṭidesanīyasikkhāpadaṃ/catutthapāṭidesanīyasikkhāpadaṃ.html
sekhiyā	https://sasanarakkha.github.io/study-tools/bhikkhu_patimokkha/sekhiyā/sekhiyā.html
parimaṇḍalasikkhāpadaṃ	https://sasanarakkha.github.io/study-tools/bhikkhu_patimokkha/parimaṇḍalasikkhāpadaṃ/parimaṇḍalasikkhāpadaṃ.html
parimaṇḍalasikkhāpadaṃ	https://sasanarakkha.github.io/study-tools/bhikkhu_patimokkha/parimaṇḍalasikkhāpadaṃ/parimaṇḍalasikkhāpadaṃ.html
suppaṭicchannasikkhāpadaṃ	https://sasanarakkha.github.io/study-tools/bhikkhu_patimokkha/suppaṭicchannasikkhāpadaṃ/suppaṭicchannasikkhāpadaṃ.html
suppaṭicchannasikkhāpadaṃ	https://sasanarakkha.github.io/study-tools/bhikkhu_patimokkha/suppaṭicchannasikkhāpadaṃ/suppaṭicchannasikkhāpadaṃ.html
susaṃvutasikkhāpadaṃ	https://sasanarakkha.github.io/study-tools/bhikkhu_patimokkha/susaṃvutasikkhāpadaṃ/susaṃvutasikkhāpadaṃ.html
susaṃvutasikkhāpadaṃ	https://sasanarakkha.github.io/study-tools/bhikkhu_patimokkha/susaṃvutasikkhāpadaṃ/susaṃvutasikkhāpadaṃ.html
okkhittacakkhusikkhāpadaṃ	https://sasanarakkha.github.io/study-tools/bhikkhu_patimokkha/okkhittacakkhusikkhāpadaṃ/okkhittacakkhusikkhāpadaṃ.html
okkhittacakkhusikkhāpadaṃ	https://sasanarakkha.github.io/study-tools/bhikkhu_patimokkha/okkhittacakkhusikkhāpadaṃ/okkhittacakkhusikkhāpadaṃ.html
ukkhittakasikkhāpadaṃ	https://sasanarakkha.github.io/study-tools/bhikkhu_patimokkha/ukkhittakasikkhāpadaṃ/ukkhittakasikkhāpadaṃ.html
ukkhittakasikkhāpadaṃ	https://sasanarakkha.github.io/study-tools/bhikkhu_patimokkha/ukkhittakasikkhāpadaṃ/ukkhittakasikkhāpadaṃ.html
ujjagghikasikkhāpadaṃ	https://sasanarakkha.github.io/study-tools/bhikkhu_patimokkha/ujjagghikasikkhāpadaṃ/ujjagghikasikkhāpadaṃ.html
ujjagghikasikkhāpadaṃ	https://sasanarakkha.github.io/study-tools/bhikkhu_patimokkha/ujjagghikasikkhāpadaṃ/ujjagghikasikkhāpadaṃ.html
uccasaddasikkhāpadaṃ	https://sasanarakkha.github.io/study-tools/bhikkhu_patimokkha/uccasaddasikkhāpadaṃ/uccasaddasikkhāpadaṃ.html
uccasaddasikkhāpadaṃ	https://sasanarakkha.github.io/study-tools/bhikkhu_patimokkha/uccasaddasikkhāpadaṃ/uccasaddasikkhāpadaṃ.html
kāyappacālakasikkhāpadaṃ	https://sasanarakkha.github.io/study-tools/bhikkhu_patimokkha/kāyappacālakasikkhāpadaṃ/kāyappacālakasikkhāpadaṃ.html
kāyappacālakasikkhāpadaṃ	https://sasanarakkha.github.io/study-tools/bhikkhu_patimokkha/kāyappacālakasikkhāpadaṃ/kāyappacālakasikkhāpadaṃ.html
bāhuppacālakasikkhāpadaṃ	https://sasanarakkha.github.io/study-tools/bhikkhu_patimokkha/bāhuppacālakasikkhāpadaṃ/bāhuppacālakasikkhāpadaṃ.html
bāhuppacālakasikkhāpadaṃ	https://sasanarakkha.github.io/study-tools/bhikkhu_patimokkha/bāhuppacālakasikkhāpadaṃ/bāhuppacālakasikkhāpadaṃ.html
sīsappacālakasikkhāpadaṃ	https://sasanarakkha.github.io/study-tools/bhikkhu_patimokkha/sīsappacālakasikkhāpadaṃ/sīsappacālakasikkhāpadaṃ.html
sīsappacālakasikkhāpadaṃ	https://sasanarakkha.github.io/study-tools/bhikkhu_patimokkha/sīsappacālakasikkhāpadaṃ/sīsappacālakasikkhāpadaṃ.html
khambhakatasikkhāpadaṃ	https://sasanarakkha.github.io/study-tools/bhikkhu_patimokkha/khambhakatasikkhāpadaṃ/khambhakatasikkhāpadaṃ.html
khambhakatasikkhāpadaṃ	https://sasanarakkha.github.io/study-tools/bhikkhu_patimokkha/khambhakatasikkhāpadaṃ/khambhakatasikkhāpadaṃ.html
oguṇṭhitasikkhāpadaṃ	https://sasanarakkha.github.io/study-tools/bhikkhu_patimokkha/oguṇṭhitasikkhāpadaṃ/oguṇṭhitasikkhāpadaṃ.html
oguṇṭhitasikkhāpadaṃ	https://sasanarakkha.github.io/study-tools/bhikkhu_patimokkha/oguṇṭhitasikkhāpadaṃ/oguṇṭhitasikkhāpadaṃ.html
ukkuṭikasikkhāpadaṃ	https://sasanarakkha.github.io/study-tools/bhikkhu_patimokkha/ukkuṭikasikkhāpadaṃ/ukkuṭikasikkhāpadaṃ.html
pallatthikasikkhāpadaṃ	https://sasanarakkha.github.io/study-tools/bhikkhu_patimokkha/pallatthikasikkhāpadaṃ/pallatthikasikkhāpadaṃ.html
sakkaccapaṭiggahaṇasikkhāpadaṃ	https://sasanarakkha.github.io/study-tools/bhikkhu_patimokkha/sakkaccapaṭiggahaṇasikkhāpadaṃ/sakkaccapaṭiggahaṇasikkhāpadaṃ.html
pattasaññīpaṭiggahaṇasikkhāpadaṃ	https://sasanarakkha.github.io/study-tools/bhikkhu_patimokkha/pattasaññīpaṭiggahaṇasikkhāpadaṃ/pattasaññīpaṭiggahaṇasikkhāpadaṃ.html
samasūpakapaṭiggahaṇasikkhāpadaṃ	https://sasanarakkha.github.io/study-tools/bhikkhu_patimokkha/samasūpakapaṭiggahaṇasikkhāpadaṃ/samasūpakapaṭiggahaṇasikkhāpadaṃ.html
samatittikasikkhāpadaṃ	https://sasanarakkha.github.io/study-tools/bhikkhu_patimokkha/samatittikasikkhāpadaṃ/samatittikasikkhāpadaṃ.html
sakkaccabhuñjanasikkhāpadaṃ	https://sasanarakkha.github.io/study-tools/bhikkhu_patimokkha/sakkaccabhuñjanasikkhāpadaṃ/sakkaccabhuñjanasikkhāpadaṃ.html
pattasaññībhuñjanasikkhāpadaṃ	https://sasanarakkha.github.io/study-tools/bhikkhu_patimokkha/pattasaññībhuñjanasikkhāpadaṃ/pattasaññībhuñjanasikkhāpadaṃ.html
sapadānasikkhāpadaṃ	https://sasanarakkha.github.io/study-tools/bhikkhu_patimokkha/sapadānasikkhāpadaṃ/sapadānasikkhāpadaṃ.html
samasūpakasikkhāpadaṃ	https://sasanarakkha.github.io/study-tools/bhikkhu_patimokkha/samasūpakasikkhāpadaṃ/samasūpakasikkhāpadaṃ.html
nathūpakatasikkhāpadaṃ	https://sasanarakkha.github.io/study-tools/bhikkhu_patimokkha/nathūpakatasikkhāpadaṃ/nathūpakatasikkhāpadaṃ.html
odanappaṭicchādanasikkhāpadaṃ	https://sasanarakkha.github.io/study-tools/bhikkhu_patimokkha/odanappaṭicchādanasikkhāpadaṃ/odanappaṭicchādanasikkhāpadaṃ.html
sūpodanaviññattisikkhāpadaṃ	https://sasanarakkha.github.io/study-tools/bhikkhu_patimokkha/sūpodanaviññattisikkhāpadaṃ/sūpodanaviññattisikkhāpadaṃ.html
ujjhānasaññīsikkhāpadaṃ	https://sasanarakkha.github.io/study-tools/bhikkhu_patimokkha/ujjhānasaññīsikkhāpadaṃ/ujjhānasaññīsikkhāpadaṃ.html
kabaḷasikkhāpadaṃ	https://sasanarakkha.github.io/study-tools/bhikkhu_patimokkha/kabaḷasikkhāpadaṃ/kabaḷasikkhāpadaṃ.html
ālopasikkhāpadaṃ	https://sasanarakkha.github.io/study-tools/bhikkhu_patimokkha/ālopasikkhāpadaṃ/ālopasikkhāpadaṃ.html
anāhaṭasikkhāpadaṃ	https://sasanarakkha.github.io/study-tools/bhikkhu_patimokkha/anāhaṭasikkhāpadaṃ/anāhaṭasikkhāpadaṃ.html
bhuñjamānasikkhāpadaṃ	https://sasanarakkha.github.io/study-tools/bhikkhu_patimokkha/bhuñjamānasikkhāpadaṃ/bhuñjamānasikkhāpadaṃ.html
sakabaḷasikkhāpadaṃ	https://sasanarakkha.github.io/study-tools/bhikkhu_patimokkha/sakabaḷasikkhāpadaṃ/sakabaḷasikkhāpadaṃ.html
piṇḍukkhepakasikkhāpadaṃ	https://sasanarakkha.github.io/study-tools/bhikkhu_patimokkha/piṇḍukkhepakasikkhāpadaṃ/piṇḍukkhepakasikkhāpadaṃ.html
kabaḷāvacchedakasikkhāpadaṃ	https://sasanarakkha.github.io/study-tools/bhikkhu_patimokkha/kabaḷāvacchedakasikkhāpadaṃ/kabaḷāvacchedakasikkhāpadaṃ.html
avagaṇḍakārakasikkhāpadaṃ	https://sasanarakkha.github.io/study-tools/bhikkhu_patimokkha/avagaṇḍakārakasikkhāpadaṃ/avagaṇḍakārakasikkhāpadaṃ.html
hatthaniddhunakasikkhāpadaṃ	https://sasanarakkha.github.io/study-tools/bhikkhu_patimokkha/hatthaniddhunakasikkhāpadaṃ/hatthaniddhunakasikkhāpadaṃ.html
sitthāvakārakasikkhāpadaṃ	https://sasanarakkha.github.io/study-tools/bhikkhu_patimokkha/sitthāvakārakasikkhāpadaṃ/sitthāvakārakasikkhāpadaṃ.html
jivhānicchārakasikkhāpadaṃ	https://sasanarakkha.github.io/study-tools/bhikkhu_patimokkha/jivhānicchārakasikkhāpadaṃ/jivhānicchārakasikkhāpadaṃ.html
capucapukārakasikkhāpadaṃ	https://sasanarakkha.github.io/study-tools/bhikkhu_patimokkha/capucapukārakasikkhāpadaṃ/capucapukārakasikkhāpadaṃ.html
surusurukārakasikkhāpadaṃ	https://sasanarakkha.github.io/study-tools/bhikkhu_patimokkha/surusurukārakasikkhāpadaṃ/surusurukārakasikkhāpadaṃ.html
hatthanillehakasikkhāpadaṃ	https://sasanarakkha.github.io/study-tools/bhikkhu_patimokkha/hatthanillehakasikkhāpadaṃ/hatthanillehakasikkhāpadaṃ.html
pattanillehakasikkhāpadaṃ	https://sasanarakkha.github.io/study-tools/bhikkhu_patimokkha/pattanillehakasikkhāpadaṃ/pattanillehakasikkhāpadaṃ.html
oṭṭhanillehakasikkhāpadaṃ	https://sasanarakkha.github.io/study-tools/bhikkhu_patimokkha/oṭṭhanillehakasikkhāpadaṃ/oṭṭhanillehakasikkhāpadaṃ.html
sāmisasikkhāpadaṃ	https://sasanarakkha.github.io/study-tools/bhikkhu_patimokkha/sāmisasikkhāpadaṃ/sāmisasikkhāpadaṃ.html
sasitthakasikkhāpadaṃ	https://sasanarakkha.github.io/study-tools/bhikkhu_patimokkha/sasitthakasikkhāpadaṃ/sasitthakasikkhāpadaṃ.html
chattapāṇisikkhāpadaṃ	https://sasanarakkha.github.io/study-tools/bhikkhu_patimokkha/chattapāṇisikkhāpadaṃ/chattapāṇisikkhāpadaṃ.html
daṇḍapāṇisikkhāpadaṃ	https://sasanarakkha.github.io/study-tools/bhikkhu_patimokkha/daṇḍapāṇisikkhāpadaṃ/daṇḍapāṇisikkhāpadaṃ.html
satthapāṇisikkhāpadaṃ	https://sasanarakkha.github.io/study-tools/bhikkhu_patimokkha/satthapāṇisikkhāpadaṃ/satthapāṇisikkhāpadaṃ.html
āvudhapāṇisikkhāpadaṃ	https://sasanarakkha.github.io/study-tools/bhikkhu_patimokkha/āvudhapāṇisikkhāpadaṃ/āvudhapāṇisikkhāpadaṃ.html
pādukasikkhāpadaṃ	https://sasanarakkha.github.io/study-tools/bhikkhu_patimokkha/pādukasikkhāpadaṃ/pādukasikkhāpadaṃ.html
upāhanasikkhāpadaṃ	https://sasanarakkha.github.io/study-tools/bhikkhu_patimokkha/upāhanasikkhāpadaṃ/upāhanasikkhāpadaṃ.html
yānasikkhāpadaṃ	https://sasanarakkha.github.io/study-tools/bhikkhu_patimokkha/yānasikkhāpadaṃ/yānasikkhāpadaṃ.html
sayanasikkhāpadaṃ	https://sasanarakkha.github.io/study-tools/bhikkhu_patimokkha/sayanasikkhāpadaṃ/sayanasikkhāpadaṃ.html
pallatthikasikkhāpadaṃ 2	https://sasanarakkha.github.io/study-tools/bhikkhu_patimokkha/pallatthikasikkhāpadaṃ 2/pallatthikasikkhāpadaṃ 2.html
veṭhitasikkhāpadaṃ	https://sasanarakkha.github.io/study-tools/bhikkhu_patimokkha/veṭhitasikkhāpadaṃ/veṭhitasikkhāpadaṃ.html
oguṇṭhitasikkhāpadaṃ 2	https://sasanarakkha.github.io/study-tools/bhikkhu_patimokkha/oguṇṭhitasikkhāpadaṃ 2/oguṇṭhitasikkhāpadaṃ 2.html
chamāsikkhāpadaṃ	https://sasanarakkha.github.io/study-tools/bhikkhu_patimokkha/chamāsikkhāpadaṃ/chamāsikkhāpadaṃ.html
nīcāsanasikkhāpadaṃ	https://sasanarakkha.github.io/study-tools/bhikkhu_patimokkha/nīcāsanasikkhāpadaṃ/nīcāsanasikkhāpadaṃ.html
ṭhitasikkhāpadaṃ	https://sasanarakkha.github.io/study-tools/bhikkhu_patimokkha/ṭhitasikkhāpadaṃ/ṭhitasikkhāpadaṃ.html
pacchatogamanasikkhāpadaṃ	https://sasanarakkha.github.io/study-tools/bhikkhu_patimokkha/pacchatogamanasikkhāpadaṃ/pacchatogamanasikkhāpadaṃ.html
uppathenagamanasikkhāpadaṃ	https://sasanarakkha.github.io/study-tools/bhikkhu_patimokkha/uppathenagamanasikkhāpadaṃ/uppathenagamanasikkhāpadaṃ.html
ṭhitouccārasikkhāpadaṃ	https://sasanarakkha.github.io/study-tools/bhikkhu_patimokkha/ṭhitouccārasikkhāpadaṃ/ṭhitouccārasikkhāpadaṃ.html
hariteuccārasikkhāpadaṃ	https://sasanarakkha.github.io/study-tools/bhikkhu_patimokkha/hariteuccārasikkhāpadaṃ/hariteuccārasikkhāpadaṃ.html
udakeuccārasikkhāpadaṃ	https://sasanarakkha.github.io/study-tools/bhikkhu_patimokkha/udakeuccārasikkhāpadaṃ/udakeuccārasikkhāpadaṃ.html
adhikaraṇasamathā	https://sasanarakkha.github.io/study-tools/bhikkhu_patimokkha/adhikaraṇasamathā/adhikaraṇasamathā.html
