rowid	error
283	Unexpected end tag : p, line 13, column 31 (<string>, line 13)
326	Unexpected end tag : a, line 1, column 38 (<string>, line 1)
515	Unexpected end tag : a, line 1, column 38 (<string>, line 1)
826	Unexpected end tag : span, line 1, column 49 (<string>, line 1)
1026	error parsing attribute name, line 1, column 210 (<string>, line 1)
1539	ID para183 already defined, line 2, column 38 (<string>, line 2)
5405	error parsing attribute name, line 6, column 1 (<string>, line 6)
6120	ID V1.0124 already defined, line 13, column 129 (<string>, line 13)
7350	ID para1 already defined, line 14, column 36 (<string>, line 14)
7778	error parsing attribute name, line 19, column 17 (<string>, line 19)
8164	ID para1204 already defined, line 13, column 38 (<string>, line 13)
9241	ID para58_kn14 already defined, line 5, column 62 (<string>, line 5)
9242	ID para70_kn14 already defined, line 9, column 62 (<string>, line 9)
9530	ID para21 already defined, line 16, column 36 (<string>, line 16)
10102	error parsing attribute name, line 10, column 511 (<string>, line 10)
10385	error parsing attribute name, line 10, column 974 (<string>, line 10)
11422	ID para4 already defined, line 21, column 35 (<string>, line 21)
14222	error parsing attribute name, line 4, column 64 (<string>, line 4)
16302	error parsing attribute name, line 15, column 8 (<string>, line 15)
16398	Unexpected end tag : p, line 4, column 77 (<string>, line 4)
16620	error parsing attribute name, line 2, column 17 (<string>, line 2)
16939	ID M1.0238 already defined, line 1, column 1434 (<string>, line 1)
16944	ID M1.0243 already defined, line 4, column 113 (<string>, line 4)
16988	ID M1.0287 already defined, line 3, column 59 (<string>, line 3)
16996	Unexpected end tag : span, line 1, column 42 (<string>, line 1)
17174	ID para279 already defined, line 2, column 38 (<string>, line 2)
17189	error parsing attribute name, line 9, column 503 (<string>, line 9)
17300	Unexpected end tag : span, line 1, column 82 (<string>, line 1)
17302	Unexpected end tag : span, line 2, column 785 (<string>, line 2)
17445	error parsing attribute name, line 6, column 267 (<string>, line 6)
18142	Unexpected end tag : span, line 1, column 78 (<string>, line 1)
18397	error parsing attribute name, line 4, column 124 (<string>, line 4)
18606	Unexpected end tag : a, line 1, column 10 (<string>, line 1)
18678	error parsing attribute name, line 2, column 1 (<string>, line 2)
18839	error parsing attribute name, line 1, column 33 (<string>, line 1)
18878	error parsing attribute name, line 6, column 535 (<string>, line 6)
19004	error parsing attribute name, line 6, column 480 (<string>, line 6)
19717	Unexpected end tag : span, line 1, column 102 (<string>, line 1)
22065	Unexpected end tag : a, line 1, column 51 (<string>, line 1)
22151	error parsing attribute name, line 3, column 690 (<string>, line 3)
22222	error parsing attribute name, line 5, column 1 (<string>, line 5)
22261	error parsing attribute name, line 5, column 1214 (<string>, line 5)
22267	error parsing attribute name, line 5, column 1120 (<string>, line 5)
22278	error parsing attribute name, line 7, column 1 (<string>, line 7)
22445	Unexpected end tag : p, line 1, column 251 (<string>, line 1)
25026	ID para31 already defined, line 20, column 37 (<string>, line 20)
25029	ID para41 already defined, line 10, column 37 (<string>, line 10)
25050	ID para112 already defined, line 26, column 38 (<string>, line 26)
25067	ID para138 already defined, line 7, column 38 (<string>, line 7)
25068	ID para139 already defined, line 7, column 38 (<string>, line 7)
25076	ID para153 already defined, line 8, column 38 (<string>, line 8)
25078	ID para156 already defined, line 8, column 38 (<string>, line 8)
25085	ID para177 already defined, line 22, column 38 (<string>, line 22)
25087	ID para185 already defined, line 9, column 38 (<string>, line 9)
25088	ID para188 already defined, line 8, column 38 (<string>, line 8)
25090	ID para195 already defined, line 11, column 38 (<string>, line 11)
25091	ID para198 already defined, line 10, column 38 (<string>, line 10)
25092	ID para200 already defined, line 10, column 38 (<string>, line 10)
25093	ID para205 already defined, line 10, column 38 (<string>, line 10)
25100	ID para241 already defined, line 22, column 38 (<string>, line 22)
25106	ID para286 already defined, line 13, column 38 (<string>, line 13)
25108	ID para293 already defined, line 13, column 38 (<string>, line 13)
25132	ID para621 already defined, line 16, column 38 (<string>, line 16)
25133	ID para626 already defined, line 14, column 38 (<string>, line 14)
25134	ID para631 already defined, line 11, column 38 (<string>, line 11)
25144	ID para654 already defined, line 14, column 38 (<string>, line 14)
25149	ID para664 already defined, line 9, column 38 (<string>, line 9)
25151	ID para668 already defined, line 7, column 38 (<string>, line 7)
25152	ID para676 already defined, line 20, column 38 (<string>, line 20)
25154	ID para680 already defined, line 23, column 38 (<string>, line 23)
25156	ID para687 already defined, line 8, column 38 (<string>, line 8)
25157	ID para689 already defined, line 17, column 38 (<string>, line 17)
25159	ID para697 already defined, line 14, column 38 (<string>, line 14)
25160	ID para700 already defined, line 16, column 38 (<string>, line 16)
25162	ID para705 already defined, line 10, column 38 (<string>, line 10)
25163	ID para710 already defined, line 12, column 38 (<string>, line 12)
25164	ID para716 already defined, line 16, column 38 (<string>, line 16)
25171	ID para744 already defined, line 8, column 38 (<string>, line 8)
25179	ID para789 already defined, line 18, column 38 (<string>, line 18)
25181	ID para800 already defined, line 10, column 38 (<string>, line 10)
25182	ID para802 already defined, line 21, column 38 (<string>, line 21)
25186	ID para823 already defined, line 10, column 38 (<string>, line 10)
25189	ID para826 already defined, line 23, column 38 (<string>, line 23)
25198	ID para858 already defined, line 16, column 38 (<string>, line 16)
25204	ID para868 already defined, line 17, column 38 (<string>, line 17)
25210	ID para887 already defined, line 9, column 38 (<string>, line 9)
25223	ID para915 already defined, line 12, column 38 (<string>, line 12)
25225	ID para923 already defined, line 8, column 38 (<string>, line 8)
25226	ID para931 already defined, line 9, column 37 (<string>, line 9)
25230	ID para961 already defined, line 13, column 38 (<string>, line 13)
25235	ID para976 already defined, line 18, column 38 (<string>, line 18)
25239	ID para984 already defined, line 17, column 38 (<string>, line 17)
25240	ID para987 already defined, line 5, column 38 (<string>, line 5)
25245	ID para1007 already defined, line 14, column 39 (<string>, line 14)
25269	ID para1084 already defined, line 15, column 39 (<string>, line 15)
25272	ID para1098 already defined, line 11, column 39 (<string>, line 11)
25302	ID para1212 already defined, line 20, column 39 (<string>, line 20)
25305	ID para1223 already defined, line 15, column 39 (<string>, line 15)
25312	ID para1236 already defined, line 9, column 39 (<string>, line 9)
25322	ID para1267 already defined, line 18, column 39 (<string>, line 18)
25347	ID para11 already defined, line 12, column 37 (<string>, line 12)
25362	ID para27 already defined, line 11, column 37 (<string>, line 11)
25366	ID para38 already defined, line 4, column 37 (<string>, line 4)
25377	ID para63 already defined, line 13, column 37 (<string>, line 13)
25379	ID para70 already defined, line 15, column 37 (<string>, line 15)
25384	ID para75 already defined, line 14, column 37 (<string>, line 14)
25386	ID para82 already defined, line 15, column 37 (<string>, line 15)
25395	ID para100 already defined, line 6, column 38 (<string>, line 6)
25396	ID para104 already defined, line 18, column 38 (<string>, line 18)
25398	ID para110 already defined, line 21, column 38 (<string>, line 21)
25406	ID para123 already defined, line 14, column 38 (<string>, line 14)
25419	ID para207 already defined, line 8, column 38 (<string>, line 8)
25422	ID para216 already defined, line 5, column 38 (<string>, line 5)
25424	ID para225 already defined, line 18, column 38 (<string>, line 18)
25439	ID para263 already defined, line 22, column 38 (<string>, line 22)
25447	ID para284 already defined, line 17, column 38 (<string>, line 17)
25449	ID para291 already defined, line 24, column 38 (<string>, line 24)
25451	ID para298 already defined, line 15, column 38 (<string>, line 15)
25452	ID para300 already defined, line 11, column 38 (<string>, line 11)
25454	ID para302 already defined, line 15, column 38 (<string>, line 15)
25456	ID para306 already defined, line 26, column 38 (<string>, line 26)
25464	ID para333 already defined, line 11, column 38 (<string>, line 11)
25467	ID para341 already defined, line 15, column 38 (<string>, line 15)
25483	ID para376 already defined, line 18, column 38 (<string>, line 18)
25488	ID para388 already defined, line 16, column 38 (<string>, line 16)
25509	ID para448 already defined, line 16, column 38 (<string>, line 16)
25515	ID para460 already defined, line 14, column 38 (<string>, line 14)
25536	ID para524 already defined, line 12, column 38 (<string>, line 12)
25537	ID para527 already defined, line 11, column 38 (<string>, line 11)
25542	ID para542 already defined, line 16, column 38 (<string>, line 16)
25545	ID para552 already defined, line 9, column 38 (<string>, line 9)
25575	ID para746 already defined, line 23, column 38 (<string>, line 23)
25581	ID para769 already defined, line 13, column 38 (<string>, line 13)
25582	ID para773 already defined, line 5, column 38 (<string>, line 5)
25584	ID para788 already defined, line 27, column 38 (<string>, line 27)
25589	ID para797 already defined, line 6, column 38 (<string>, line 6)
25598	ID para811 already defined, line 24, column 38 (<string>, line 24)
26740	Unexpected end tag : a, line 22, column 105 (<string>, line 22)
27299	Unexpected end tag : a, line 7, column 300 (<string>, line 7)
28864	error parsing attribute name, line 3, column 1 (<string>, line 3)
29223	error parsing attribute name, line 3, column 1829 (<string>, line 3)
30989	ID para84 already defined, line 8, column 36 (<string>, line 8)
34864	error parsing attribute name, line 1, column 23 (<string>, line 1)
34991	Unexpected end tag : span, line 1, column 217 (<string>, line 1)
36731	ID para288 already defined, line 6, column 38 (<string>, line 6)
37720	error parsing attribute name, line 1, column 33 (<string>, line 1)
37732	error parsing attribute name, line 3, column 254 (<string>, line 3)
38493	error parsing attribute name, line 4, column 1 (<string>, line 4)
38788	Unexpected end tag : span, line 2, column 38 (<string>, line 2)
39108	ID M3.0258 already defined, line 2, column 52 (<string>, line 2)
39114	Unexpected end tag : span, line 1, column 48 (<string>, line 1)
40319	Unexpected end tag : span, line 1, column 126 (<string>, line 1)
40470	error parsing attribute name, line 5, column 435 (<string>, line 5)
40769	error parsing attribute name, line 7, column 695 (<string>, line 7)
40926	error parsing attribute name, line 4, column 1 (<string>, line 4)
41484	error parsing attribute name, line 3, column 1 (<string>, line 3)
41972	Unexpected end tag : span, line 1, column 62 (<string>, line 1)
44223	ID para2 already defined, line 12, column 36 (<string>, line 12)
44777	error parsing attribute name, line 4, column 3 (<string>, line 4)
51077	ID para31 already defined, line 6, column 37 (<string>, line 6)
51203	error parsing attribute name, line 2, column 4226 (<string>, line 2)
51204	Unexpected end tag : span, line 2, column 54 (<string>, line 2)
51216	error parsing attribute name, line 2, column 2171 (<string>, line 2)
51217	Unexpected end tag : span, line 2, column 66 (<string>, line 2)
52232	ID para1 already defined, line 12, column 36 (<string>, line 12)
52245	ID para13 already defined, line 7, column 37 (<string>, line 7)
53110	ID para5 already defined, line 13, column 35 (<string>, line 13)
53260	error parsing attribute name, line 2, column 2330 (<string>, line 2)
53261	Unexpected end tag : span, line 2, column 53 (<string>, line 2)
54065	Unexpected end tag : span, line 4, column 78 (<string>, line 4)
54074	Unexpected end tag : span, line 3, column 74 (<string>, line 3)
54076	Unexpected end tag : span, line 5, column 81 (<string>, line 5)
54095	Unexpected end tag : span, line 4, column 61 (<string>, line 4)
54097	Unexpected end tag : span, line 3, column 80 (<string>, line 3)
54118	Unexpected end tag : span, line 3, column 74 (<string>, line 3)
54121	Unexpected end tag : strong, line 2, column 437 (<string>, line 2)
54126	Unexpected end tag : strong, line 5, column 333 (<string>, line 5)
54128	Unexpected end tag : strong, line 3, column 1115 (<string>, line 3)
54129	Unexpected end tag : strong, line 3, column 1083 (<string>, line 3)
54131	Unexpected end tag : strong, line 3, column 1482 (<string>, line 3)
54132	Unexpected end tag : strong, line 3, column 673 (<string>, line 3)
54136	Unexpected end tag : span, line 4, column 73 (<string>, line 4)
54137	Unexpected end tag : strong, line 3, column 819 (<string>, line 3)
54143	Unexpected end tag : strong, line 3, column 102 (<string>, line 3)
54144	Unexpected end tag : strong, line 3, column 102 (<string>, line 3)
54198	Unexpected end tag : span, line 3, column 32 (<string>, line 3)
54230	Unexpected end tag : span, line 5, column 81 (<string>, line 5)
54231	Unexpected end tag : span, line 4, column 78 (<string>, line 4)
54238	Unexpected end tag : strong, line 2, column 158 (<string>, line 2)
54269	Unexpected end tag : strong, line 5, column 131 (<string>, line 5)
54277	Unexpected end tag : span, line 9, column 84 (<string>, line 9)
54282	Unexpected end tag : span, line 8, column 70 (<string>, line 8)
54283	Unexpected end tag : span, line 10, column 76 (<string>, line 10)
54338	Unexpected end tag : p, line 1, column 11 (<string>, line 1)
54972	ID para5 already defined, line 32, column 35 (<string>, line 32)
55069	Unexpected end tag : a, line 31, column 24 (<string>, line 31)
55234	error parsing attribute name, line 2, column 2312 (<string>, line 2)
55235	Unexpected end tag : span, line 2, column 51 (<string>, line 2)
55687	Unexpected end tag : a, line 2, column 25 (<string>, line 2)
55758	ID para8 already defined, line 12, column 36 (<string>, line 12)
55768	ID para10 already defined, line 3, column 37 (<string>, line 3)
55769	ID para11 already defined, line 3, column 37 (<string>, line 3)
55770	ID para13 already defined, line 6, column 37 (<string>, line 6)
55771	ID para14 already defined, line 6, column 37 (<string>, line 6)
55772	ID para15 already defined, line 6, column 37 (<string>, line 6)
55773	ID para16 already defined, line 6, column 37 (<string>, line 6)
55774	ID para17 already defined, line 6, column 37 (<string>, line 6)
55779	ID para22 already defined, line 8, column 37 (<string>, line 8)
55780	ID para23 already defined, line 3, column 37 (<string>, line 3)
55781	ID para24 already defined, line 3, column 37 (<string>, line 3)
55782	ID para26 already defined, line 6, column 37 (<string>, line 6)
55784	ID para27 already defined, line 7, column 37 (<string>, line 7)
55785	ID para28 already defined, line 7, column 37 (<string>, line 7)
55786	ID para29 already defined, line 3, column 37 (<string>, line 3)
55787	ID para30 already defined, line 11, column 37 (<string>, line 11)
55788	ID para31 already defined, line 6, column 37 (<string>, line 6)
55792	ID para32 already defined, line 13, column 37 (<string>, line 13)
55795	ID para33 already defined, line 11, column 37 (<string>, line 11)
55807	ID para34 already defined, line 6, column 37 (<string>, line 6)
55808	ID para35 already defined, line 6, column 37 (<string>, line 6)
55809	ID para36 already defined, line 6, column 37 (<string>, line 6)
55810	ID para37 already defined, line 8, column 37 (<string>, line 8)
55811	ID para38 already defined, line 3, column 37 (<string>, line 3)
55812	ID para40 already defined, line 6, column 37 (<string>, line 6)
55813	ID para41 already defined, line 3, column 37 (<string>, line 3)
55814	ID para43 already defined, line 6, column 37 (<string>, line 6)
55815	ID para45 already defined, line 6, column 37 (<string>, line 6)
55816	ID para46 already defined, line 6, column 37 (<string>, line 6)
55817	ID para47 already defined, line 3, column 37 (<string>, line 3)
55818	ID para49 already defined, line 7, column 37 (<string>, line 7)
55819	ID para50 already defined, line 6, column 37 (<string>, line 6)
55820	ID para51 already defined, line 6, column 37 (<string>, line 6)
55822	ID para54 already defined, line 8, column 37 (<string>, line 8)
55823	ID para55 already defined, line 6, column 37 (<string>, line 6)
55824	ID para57 already defined, line 6, column 37 (<string>, line 6)
55825	ID para58 already defined, line 3, column 37 (<string>, line 3)
55826	ID para60 already defined, line 3, column 37 (<string>, line 3)
55827	ID para62 already defined, line 7, column 37 (<string>, line 7)
55828	ID para63 already defined, line 3, column 37 (<string>, line 3)
55829	ID para64 already defined, line 3, column 37 (<string>, line 3)
55830	ID para66 already defined, line 6, column 37 (<string>, line 6)
55839	ID para70 already defined, line 8, column 37 (<string>, line 8)
55840	ID para71 already defined, line 8, column 37 (<string>, line 8)
55841	ID para72 already defined, line 9, column 37 (<string>, line 9)
55842	ID para73 already defined, line 6, column 37 (<string>, line 6)
55843	ID para74 already defined, line 3, column 37 (<string>, line 3)
55844	ID para76 already defined, line 7, column 37 (<string>, line 7)
55845	ID para77 already defined, line 6, column 37 (<string>, line 6)
55846	ID para78 already defined, line 6, column 37 (<string>, line 6)
55847	ID para80 already defined, line 7, column 37 (<string>, line 7)
55848	ID para81 already defined, line 7, column 37 (<string>, line 7)
55849	ID para82 already defined, line 3, column 37 (<string>, line 3)
55850	ID para83 already defined, line 3, column 37 (<string>, line 3)
55851	ID para85 already defined, line 7, column 37 (<string>, line 7)
55852	ID para86 already defined, line 3, column 37 (<string>, line 3)
55853	ID para88 already defined, line 11, column 37 (<string>, line 11)
55854	ID para89 already defined, line 6, column 37 (<string>, line 6)
55855	ID para90 already defined, line 9, column 37 (<string>, line 9)
55856	ID para91 already defined, line 6, column 37 (<string>, line 6)
55858	ID para93 already defined, line 6, column 37 (<string>, line 6)
55859	ID para94 already defined, line 3, column 37 (<string>, line 3)
55860	ID para96 already defined, line 6, column 37 (<string>, line 6)
55861	ID para97 already defined, line 3, column 37 (<string>, line 3)
55862	ID para99 already defined, line 6, column 37 (<string>, line 6)
55863	ID para101 already defined, line 6, column 38 (<string>, line 6)
55864	ID para102 already defined, line 6, column 38 (<string>, line 6)
55865	ID para103 already defined, line 3, column 38 (<string>, line 3)
55866	ID para105 already defined, line 8, column 38 (<string>, line 8)
55867	ID para106 already defined, line 6, column 38 (<string>, line 6)
55868	ID para107 already defined, line 6, column 38 (<string>, line 6)
55869	ID para110 already defined, line 11, column 38 (<string>, line 11)
55870	ID para111 already defined, line 6, column 38 (<string>, line 6)
55871	ID para113 already defined, line 6, column 38 (<string>, line 6)
55872	ID para115 already defined, line 12, column 38 (<string>, line 12)
55874	ID para116 already defined, line 3, column 38 (<string>, line 3)
55875	ID para117 already defined, line 3, column 38 (<string>, line 3)
55876	ID para118 already defined, line 3, column 38 (<string>, line 3)
55878	ID para120 already defined, line 6, column 38 (<string>, line 6)
55879	ID para121 already defined, line 3, column 38 (<string>, line 3)
55883	ID para123 already defined, line 8, column 38 (<string>, line 8)
55884	ID para124 already defined, line 8, column 38 (<string>, line 8)
55885	ID para125 already defined, line 3, column 38 (<string>, line 3)
55886	ID para127 already defined, line 6, column 38 (<string>, line 6)
55887	ID para128 already defined, line 8, column 38 (<string>, line 8)
55888	ID para129 already defined, line 6, column 38 (<string>, line 6)
55890	ID para130 already defined, line 3, column 38 (<string>, line 3)
55891	ID para132 already defined, line 9, column 38 (<string>, line 9)
55892	ID para133 already defined, line 3, column 38 (<string>, line 3)
55893	ID para135 already defined, line 6, column 38 (<string>, line 6)
55894	ID para136 already defined, line 6, column 38 (<string>, line 6)
55895	ID para138 already defined, line 6, column 38 (<string>, line 6)
55896	ID para139 already defined, line 3, column 38 (<string>, line 3)
55897	ID para141 already defined, line 6, column 38 (<string>, line 6)
55898	ID para142 already defined, line 8, column 38 (<string>, line 8)
55899	ID para143 already defined, line 3, column 38 (<string>, line 3)
55900	ID para145 already defined, line 8, column 38 (<string>, line 8)
55901	ID para146 already defined, line 7, column 38 (<string>, line 7)
55902	ID para147 already defined, line 3, column 38 (<string>, line 3)
55903	ID para148 already defined, line 3, column 38 (<string>, line 3)
55904	ID para149 already defined, line 3, column 38 (<string>, line 3)
55906	ID para153 already defined, line 8, column 38 (<string>, line 8)
55907	ID para154 already defined, line 7, column 38 (<string>, line 7)
55908	ID para155 already defined, line 8, column 38 (<string>, line 8)
55909	ID para156 already defined, line 6, column 38 (<string>, line 6)
55910	ID para157 already defined, line 3, column 38 (<string>, line 3)
55911	ID para158 already defined, line 3, column 38 (<string>, line 3)
55912	ID para159 already defined, line 3, column 38 (<string>, line 3)
55913	ID para161 already defined, line 6, column 38 (<string>, line 6)
55914	ID para162 already defined, line 6, column 38 (<string>, line 6)
55917	ID para164 already defined, line 3, column 38 (<string>, line 3)
55919	ID para165 already defined, line 3, column 38 (<string>, line 3)
55920	ID para167 already defined, line 3, column 38 (<string>, line 3)
55922	ID para173 already defined, line 9, column 38 (<string>, line 9)
55923	ID para174 already defined, line 8, column 38 (<string>, line 8)
55924	ID para175 already defined, line 8, column 38 (<string>, line 8)
55926	ID para176 already defined, line 3, column 38 (<string>, line 3)
55928	ID para178 already defined, line 6, column 38 (<string>, line 6)
55930	ID para185 already defined, line 6, column 38 (<string>, line 6)
55931	ID para186 already defined, line 3, column 38 (<string>, line 3)
55932	ID para188 already defined, line 6, column 38 (<string>, line 6)
55933	ID para189 already defined, line 8, column 38 (<string>, line 8)
55934	ID para190 already defined, line 6, column 38 (<string>, line 6)
55935	ID para191 already defined, line 6, column 38 (<string>, line 6)
55936	ID para192 already defined, line 6, column 38 (<string>, line 6)
55937	ID para193 already defined, line 3, column 38 (<string>, line 3)
55938	ID para195 already defined, line 6, column 38 (<string>, line 6)
55939	ID para197 already defined, line 6, column 38 (<string>, line 6)
55940	ID para198 already defined, line 6, column 38 (<string>, line 6)
55941	ID para199 already defined, line 3, column 38 (<string>, line 3)
55942	ID para201 already defined, line 8, column 38 (<string>, line 8)
55943	ID para202 already defined, line 8, column 38 (<string>, line 8)
55944	ID para203 already defined, line 3, column 38 (<string>, line 3)
55945	ID para204 already defined, line 3, column 38 (<string>, line 3)
55946	ID para205 already defined, line 3, column 38 (<string>, line 3)
55947	ID para206 already defined, line 3, column 38 (<string>, line 3)
55948	ID para208 already defined, line 8, column 38 (<string>, line 8)
55949	ID para209 already defined, line 3, column 38 (<string>, line 3)
55950	ID para211 already defined, line 6, column 38 (<string>, line 6)
55951	ID para212 already defined, line 3, column 38 (<string>, line 3)
55952	ID para213 already defined, line 3, column 38 (<string>, line 3)
55953	ID para215 already defined, line 7, column 38 (<string>, line 7)
55954	ID para216 already defined, line 8, column 38 (<string>, line 8)
55955	ID para218 already defined, line 8, column 38 (<string>, line 8)
55956	ID para220 already defined, line 7, column 38 (<string>, line 7)
55957	ID para221 already defined, line 6, column 37 (<string>, line 6)
55958	ID para222 already defined, line 3, column 38 (<string>, line 3)
55959	ID para224 already defined, line 6, column 38 (<string>, line 6)
55960	ID para226 already defined, line 7, column 38 (<string>, line 7)
55961	ID para227 already defined, line 3, column 38 (<string>, line 3)
55962	ID para229 already defined, line 7, column 38 (<string>, line 7)
55963	ID para230 already defined, line 3, column 38 (<string>, line 3)
55964	ID para232 already defined, line 9, column 38 (<string>, line 9)
55965	ID para233 already defined, line 6, column 38 (<string>, line 6)
55966	ID para235 already defined, line 8, column 38 (<string>, line 8)
55967	ID para236 already defined, line 3, column 38 (<string>, line 3)
55968	ID para238 already defined, line 7, column 38 (<string>, line 7)
55969	ID para239 already defined, line 11, column 38 (<string>, line 11)
55970	ID para240 already defined, line 7, column 38 (<string>, line 7)
55971	ID para241 already defined, line 7, column 38 (<string>, line 7)
55972	ID para242 already defined, line 8, column 38 (<string>, line 8)
55973	ID para243 already defined, line 3, column 38 (<string>, line 3)
55974	ID para245 already defined, line 9, column 38 (<string>, line 9)
55975	ID para246 already defined, line 7, column 38 (<string>, line 7)
55976	ID para247 already defined, line 7, column 38 (<string>, line 7)
55977	ID para248 already defined, line 7, column 38 (<string>, line 7)
55978	ID para249 already defined, line 6, column 38 (<string>, line 6)
55979	ID para250 already defined, line 8, column 38 (<string>, line 8)
55980	ID para251 already defined, line 10, column 38 (<string>, line 10)
55981	ID para252 already defined, line 8, column 38 (<string>, line 8)
55982	ID para253 already defined, line 8, column 38 (<string>, line 8)
55983	ID para254 already defined, line 7, column 38 (<string>, line 7)
55984	ID para255 already defined, line 3, column 38 (<string>, line 3)
55985	ID para256 already defined, line 4, column 38 (<string>, line 4)
55986	ID para258 already defined, line 7, column 38 (<string>, line 7)
55987	ID para259 already defined, line 3, column 38 (<string>, line 3)
55988	ID para260 already defined, line 3, column 38 (<string>, line 3)
55989	ID para262 already defined, line 6, column 38 (<string>, line 6)
55990	ID para263 already defined, line 3, column 38 (<string>, line 3)
55992	ID para265 already defined, line 3, column 38 (<string>, line 3)
55994	ID para267 already defined, line 8, column 38 (<string>, line 8)
55995	ID para268 already defined, line 6, column 38 (<string>, line 6)
55996	ID para269 already defined, line 6, column 38 (<string>, line 6)
55998	ID para271 already defined, line 11, column 38 (<string>, line 11)
55999	ID para272 already defined, line 7, column 38 (<string>, line 7)
56000	ID para273 already defined, line 6, column 38 (<string>, line 6)
56001	ID para274 already defined, line 3, column 38 (<string>, line 3)
56002	ID para276 already defined, line 6, column 38 (<string>, line 6)
56003	ID para277 already defined, line 6, column 38 (<string>, line 6)
56004	ID para279 already defined, line 6, column 38 (<string>, line 6)
56005	ID para280 already defined, line 3, column 38 (<string>, line 3)
56006	ID para282 already defined, line 7, column 38 (<string>, line 7)
56007	ID para283 already defined, line 7, column 38 (<string>, line 7)
56008	ID para284 already defined, line 9, column 38 (<string>, line 9)
56009	ID para285 already defined, line 3, column 38 (<string>, line 3)
56010	ID para287 already defined, line 8, column 38 (<string>, line 8)
56011	ID para288 already defined, line 3, column 38 (<string>, line 3)
56012	ID para289 already defined, line 3, column 38 (<string>, line 3)
56017	ID para294 already defined, line 7, column 38 (<string>, line 7)
56018	ID para295 already defined, line 7, column 38 (<string>, line 7)
56019	ID para296 already defined, line 9, column 38 (<string>, line 9)
56020	ID para297 already defined, line 3, column 38 (<string>, line 3)
56021	ID para299 already defined, line 9, column 38 (<string>, line 9)
56024	ID para301 already defined, line 7, column 38 (<string>, line 7)
56025	ID para302 already defined, line 6, column 38 (<string>, line 6)
56026	ID para303 already defined, line 3, column 38 (<string>, line 3)
56027	ID para305 already defined, line 7, column 38 (<string>, line 7)
56028	ID para306 already defined, line 9, column 38 (<string>, line 9)
56029	ID para307 already defined, line 3, column 38 (<string>, line 3)
56030	ID para309 already defined, line 9, column 38 (<string>, line 9)
56031	ID para310 already defined, line 3, column 38 (<string>, line 3)
56033	ID para312 already defined, line 9, column 38 (<string>, line 9)
56034	ID para315 already defined, line 6, column 38 (<string>, line 6)
56035	ID para316 already defined, line 3, column 38 (<string>, line 3)
56036	ID para318 already defined, line 6, column 38 (<string>, line 6)
56037	ID para319 already defined, line 6, column 38 (<string>, line 6)
56038	ID para321 already defined, line 8, column 38 (<string>, line 8)
56039	ID para323 already defined, line 6, column 38 (<string>, line 6)
56040	ID para324 already defined, line 3, column 38 (<string>, line 3)
56041	ID para326 already defined, line 6, column 38 (<string>, line 6)
56042	ID para327 already defined, line 3, column 38 (<string>, line 3)
56043	ID para329 already defined, line 8, column 38 (<string>, line 8)
56044	ID para330 already defined, line 3, column 38 (<string>, line 3)
56045	ID para332 already defined, line 7, column 38 (<string>, line 7)
56046	ID para333 already defined, line 7, column 38 (<string>, line 7)
56047	ID para334 already defined, line 3, column 38 (<string>, line 3)
56052	ID para337 already defined, line 5, column 38 (<string>, line 5)
56053	ID para338 already defined, line 6, column 38 (<string>, line 6)
56054	ID para339 already defined, line 6, column 38 (<string>, line 6)
56056	ID para340 already defined, line 3, column 38 (<string>, line 3)
56057	ID para341 already defined, line 6, column 38 (<string>, line 6)
56059	ID para343 already defined, line 9, column 38 (<string>, line 9)
56069	ID para345 already defined, line 3, column 38 (<string>, line 3)
56070	ID para347 already defined, line 8, column 38 (<string>, line 8)
56071	ID para348 already defined, line 8, column 38 (<string>, line 8)
56072	ID para349 already defined, line 3, column 38 (<string>, line 3)
56073	ID para350 already defined, line 3, column 38 (<string>, line 3)
56074	ID para352 already defined, line 7, column 38 (<string>, line 7)
56075	ID para353 already defined, line 9, column 38 (<string>, line 9)
56076	ID para354 already defined, line 6, column 38 (<string>, line 6)
56077	ID para356 already defined, line 8, column 38 (<string>, line 8)
56078	ID para357 already defined, line 8, column 38 (<string>, line 8)
56081	ID para358 already defined, line 11, column 38 (<string>, line 11)
56083	ID para359-360 already defined, line 3, column 42 (<string>, line 3)
56085	ID para361 already defined, line 3, column 38 (<string>, line 3)
56086	ID para362 already defined, line 11, column 38 (<string>, line 11)
56088	ID para363 already defined, line 3, column 38 (<string>, line 3)
56090	ID para364 already defined, line 3, column 38 (<string>, line 3)
56091	ID para365 already defined, line 11, column 38 (<string>, line 11)
56093	ID para366 already defined, line 11, column 38 (<string>, line 11)
56095	ID para367 already defined, line 14, column 38 (<string>, line 14)
